{"cameraMode":{"drawMode":0,"name":"Shaded","section":"Shading Mode"},"sceneLighting":true,"audioPlay":false,"sceneViewState":{"m_AlwaysRefresh":false,"showFog":true,"showSkybox":true,"showFlares":true,"showImageEffects":true,"showParticleSystems":true,"showVisualEffectGraphs":true,"m_FxEnabled":true},"in2DMode":false,"pivot":{"x":-0.030831770971417428,"y":-0.3003600537776947,"z":0.13960431516170503},"rotation":{"x":0.30381453037261965,"y":0.19872695207595826,"z":-0.06497975438833237,"w":0.9295594692230225},"size":7.485637187957764,"orthographic":false}